Entity,Code,Year,12.c.1 - Fossil-fuel subsidies (consumption and production) per capita (constant United States dollars) - ER_FFS_CMPT_PC
Afghanistan,AFG,2015,0.76926
Afghanistan,AFG,2016,0.78868
Afghanistan,AFG,2017,0.80777
Afghanistan,AFG,2018,0.83028
Afghanistan,AFG,2019,0.85664
Africa,,2015,39.02791
Africa,,2016,34.10601
Africa,,2017,46.90006
Africa,,2018,59.88073
Africa,,2019,41.86598
Albania,ALB,2015,20.75748
Albania,ALB,2016,21.74107
Albania,ALB,2017,22.78334
Albania,ALB,2018,23.85651
Albania,ALB,2019,25.01672
Algeria,DZA,2015,299.87991
Algeria,DZA,2016,176.5641
Algeria,DZA,2017,228.0103
Algeria,DZA,2018,397.474
Algeria,DZA,2019,304.63207
Americas,,2015,47.15005
Americas,,2016,41.7588
Americas,,2017,51.20073
Americas,,2018,58.21946
Americas,,2019,41.49348
Angola,AGO,2015,5.768
Angola,AGO,2016,15.63725
Angola,AGO,2017,6.35133
Angola,AGO,2018,52.42026
Angola,AGO,2019,33.55217
Antigua and Barbuda,ATG,2015,106.35774
Antigua and Barbuda,ATG,2016,107.39526
Antigua and Barbuda,ATG,2017,108.50406
Antigua and Barbuda,ATG,2018,109.68821
Antigua and Barbuda,ATG,2019,110.92004
Argentina,ARG,2015,161.3535
Argentina,ARG,2016,88.96787
Argentina,ARG,2017,108.86309
Argentina,ARG,2018,113.67773
Argentina,ARG,2019,95.16272
Armenia,ARM,2015,1.57679
Armenia,ARM,2016,1.55919
Armenia,ARM,2017,1.61845
Armenia,ARM,2018,1.68409
Armenia,ARM,2019,1.75608
Asia,,2015,54.0715
Asia,,2016,47.20557
Asia,,2017,54.34752
Asia,,2018,66.90124
Asia,,2019,52.71235
Australia,AUS,2015,191.13503
Australia,AUS,2016,293.06001
Australia,AUS,2017,315.72932
Australia,AUS,2018,283.68462
Australia,AUS,2019,284.86343
Australia and New Zealand,,2015,162.02052
Australia and New Zealand,,2016,247.74615
Australia and New Zealand,,2017,266.43698
Australia and New Zealand,,2018,239.97648
Australia and New Zealand,,2019,241.08687
Austria,AUT,2015,93.10623
Austria,AUT,2016,93.83403
Austria,AUT,2017,93.50217
Austria,AUT,2018,98.33183
Austria,AUT,2019,95.99125
Azerbaijan,AZE,2015,120.78492
Azerbaijan,AZE,2016,156.33603
Azerbaijan,AZE,2017,211.21039
Azerbaijan,AZE,2018,293.64482
Azerbaijan,AZE,2019,189.99357
Bahamas,BHS,2015,116.25334
Bahamas,BHS,2016,117.41016
Bahamas,BHS,2017,118.20856
Bahamas,BHS,2018,119.00631
Bahamas,BHS,2019,119.59865
Bahrain,BHR,2015,1344.0806
Bahrain,BHR,2016,852.62517
Bahrain,BHR,2017,931.81811
Bahrain,BHR,2018,265.4004
Bahrain,BHR,2019,469.82081
Bangladesh,BGD,2015,12.41547
Bangladesh,BGD,2016,7.15188
Bangladesh,BGD,2017,9.26252
Bangladesh,BGD,2018,17.90494
Bangladesh,BGD,2019,10.37265
Barbados,BRB,2015,29.27869
Barbados,BRB,2016,29.81127
Barbados,BRB,2017,30.38476
Barbados,BRB,2018,31.01102
Barbados,BRB,2019,31.705
Belarus,BLR,2015,10.49556
Belarus,BLR,2016,9.03084
Belarus,BLR,2017,9.4022
Belarus,BLR,2018,9.75391
Belarus,BLR,2019,10.09372
Belgium,BEL,2015,240.5525
Belgium,BEL,2016,246.25645
Belgium,BEL,2017,271.87421
Belgium,BEL,2018,263.91391
Belgium,BEL,2019,275.60223
Belize,BLZ,2015,126.33892
Belize,BLZ,2016,126.87059
Belize,BLZ,2017,127.48852
Belize,BLZ,2018,128.18772
Belize,BLZ,2019,128.94036
Bolivia,BOL,2015,58.10143
Bolivia,BOL,2016,34.27249
Bolivia,BOL,2017,50.82395
Bolivia,BOL,2018,98.22137
Bolivia,BOL,2019,63.72331
Botswana,BWA,2015,49.15651
Botswana,BWA,2016,50.08137
Botswana,BWA,2017,51.02409
Botswana,BWA,2018,51.92392
Botswana,BWA,2019,52.68387
Brazil,BRA,2015,8.33309
Brazil,BRA,2016,8.96686
Brazil,BRA,2017,9.46754
Brazil,BRA,2018,9.86491
Brazil,BRA,2019,10.20695
Brunei,BRN,2015,399.52617
Brunei,BRN,2016,215.20233
Brunei,BRN,2017,369.37813
Brunei,BRN,2018,498.21429
Brunei,BRN,2019,429.72933
Burkina Faso,BFA,2015,7.49571
Burkina Faso,BFA,2016,7.79134
Burkina Faso,BFA,2017,8.08592
Burkina Faso,BFA,2018,8.38677
Burkina Faso,BFA,2019,8.69296
Cameroon,CMR,2015,32.8656
Cameroon,CMR,2016,33.8931
Cameroon,CMR,2017,34.89117
Cameroon,CMR,2018,35.89632
Cameroon,CMR,2019,36.89955
Canada,CAN,2015,63.10944
Canada,CAN,2016,70.92304
Canada,CAN,2017,68.11216
Canada,CAN,2018,58.39622
Canada,CAN,2019,60.34486
Cape Verde,CPV,2015,89.00789
Cape Verde,CPV,2016,91.48812
Cape Verde,CPV,2017,94.05227
Cape Verde,CPV,2018,96.68533
Cape Verde,CPV,2019,99.43703
Caribbean,,2015,54.21167
Caribbean,,2016,50.47947
Caribbean,,2017,52.93178
Caribbean,,2018,55.99761
Caribbean,,2019,51.79482
Central America,,2015,47.11674
Central America,,2016,70.97714
Central America,,2017,76.57087
Central America,,2018,89.54324
Central America,,2019,24.73639
Central Asia,,2015,176.09469
Central Asia,,2016,166.71915
Central Asia,,2017,209.31893
Central Asia,,2018,299.77034
Central Asia,,2019,210.6061
Central and Southern Asia,,2015,51.77199
Central and Southern Asia,,2016,36.45505
Central and Southern Asia,,2017,49.92186
Central and Southern Asia,,2018,69.97326
Central and Southern Asia,,2019,64.0106
Chile,CHL,2015,65.79056
Chile,CHL,2016,81.05833
Chile,CHL,2017,86.18422
Chile,CHL,2018,66.96048
Chile,CHL,2019,64.11797
China,CHN,2015,17.11851
China,CHN,2016,33.7613
China,CHN,2017,33.7517
China,CHN,2018,35.68774
China,CHN,2019,21.25915
Colombia,COL,2015,18.44936
Colombia,COL,2016,15.87118
Colombia,COL,2017,8.78077
Colombia,COL,2018,13.58767
Colombia,COL,2019,13.14558
Congo,COG,2015,141.23659
Congo,COG,2016,147.5223
Congo,COG,2017,156.6832
Congo,COG,2018,158.0026
Congo,COG,2019,156.93307
Cote d'Ivoire,CIV,2015,42.52048
Cote d'Ivoire,CIV,2016,44.6689
Cote d'Ivoire,CIV,2017,46.81155
Cote d'Ivoire,CIV,2018,48.82763
Cote d'Ivoire,CIV,2019,50.45497
Czechia,CZE,2015,25.74228
Czechia,CZE,2016,26.12906
Czechia,CZE,2017,25.08319
Czechia,CZE,2018,23.0531
Czechia,CZE,2019,14.80914
Democratic Republic of Congo,COD,2015,8.88872
Democratic Republic of Congo,COD,2016,9.28082
Democratic Republic of Congo,COD,2017,9.63888
Democratic Republic of Congo,COD,2018,9.93036
Democratic Republic of Congo,COD,2019,10.16778
Denmark,DNK,2015,30.2064
Denmark,DNK,2016,33.23998
Denmark,DNK,2017,41.06483
Denmark,DNK,2018,41.05748
Denmark,DNK,2019,41.00486
Djibouti,DJI,2015,7.54487
Djibouti,DJI,2016,7.86769
Djibouti,DJI,2017,8.24595
Djibouti,DJI,2018,8.64512
Djibouti,DJI,2019,9.0647
Dominica,DMA,2015,7.17949
Dominica,DMA,2016,7.25034
Dominica,DMA,2017,7.33277
Dominica,DMA,2018,7.44143
Dominica,DMA,2019,7.54791
Dominican Republic,DOM,2015,116.77601
Dominican Republic,DOM,2016,121.39612
Dominican Republic,DOM,2017,125.6766
Dominican Republic,DOM,2018,129.7958
Dominican Republic,DOM,2019,133.86384
Eastern Africa,,2015,20.49412
Eastern Africa,,2016,21.7029
Eastern Africa,,2017,22.44069
Eastern Africa,,2018,23.19807
Eastern Africa,,2019,23.96711
Eastern Asia,,2015,16.68121
Eastern Asia,,2016,30.98651
Eastern Asia,,2017,30.4381
Eastern Asia,,2018,31.77983
Eastern Asia,,2019,19.41754
Eastern Europe,,2015,153.15202
Eastern Europe,,2016,131.67409
Eastern Europe,,2017,92.71291
Eastern Europe,,2018,151.12817
Eastern Europe,,2019,99.40026
Eastern and South-Eastern Asia,,2015,19.88001
Eastern and South-Eastern Asia,,2016,30.39054
Eastern and South-Eastern Asia,,2017,30.71262
Eastern and South-Eastern Asia,,2018,39.15136
Eastern and South-Eastern Asia,,2019,23.39691
Ecuador,ECU,2015,167.25384
Ecuador,ECU,2016,97.37079
Ecuador,ECU,2017,150.51817
Ecuador,ECU,2018,214.05936
Ecuador,ECU,2019,172.867
Egypt,EGY,2015,132.33267
Egypt,EGY,2016,96.34109
Egypt,EGY,2017,223.78513
Egypt,EGY,2018,287.84911
Egypt,EGY,2019,157.76371
El Salvador,SLV,2015,46.3939
El Salvador,SLV,2016,40.81945
El Salvador,SLV,2017,57.76453
El Salvador,SLV,2018,71.34349
El Salvador,SLV,2019,51.20345
Estonia,EST,2015,49.73505
Estonia,EST,2016,35.1749
Estonia,EST,2017,39.2803
Estonia,EST,2018,35.76501
Estonia,EST,2019,38.27257
Ethiopia,ETH,2015,6.66614
Ethiopia,ETH,2016,7.03736
Ethiopia,ETH,2017,7.4033
Ethiopia,ETH,2018,7.79022
Ethiopia,ETH,2019,8.16283
Europe,,2015,147.64135
Europe,,2016,131.74794
Europe,,2017,115.92372
Europe,,2018,134.55207
Europe,,2019,113.8151
Europe and Northern America,,2015,110.27615
Europe and Northern America,,2016,97.51662
Europe and Northern America,,2017,86.32906
Europe and Northern America,,2018,97.25508
Europe and Northern America,,2019,85.74866
Finland,FIN,2015,261.26575
Finland,FIN,2016,276.87217
Finland,FIN,2017,278.02206
Finland,FIN,2018,287.14397
Finland,FIN,2019,267.73453
France,FRA,2015,84.88687
France,FRA,2016,96.13599
France,FRA,2017,109.58476
France,FRA,2018,136.89498
France,FRA,2019,145.21502
Gabon,GAB,2015,78.28248
Gabon,GAB,2016,68.27891
Gabon,GAB,2017,61.19782
Gabon,GAB,2018,56.63116
Gabon,GAB,2019,54.10991
Germany,DEU,2015,66.28881
Germany,DEU,2016,69.07761
Germany,DEU,2017,63.23104
Germany,DEU,2018,59.76657
Germany,DEU,2019,57.54504
Ghana,GHA,2015,1.49182
Ghana,GHA,2016,0.98501
Ghana,GHA,2017,3.76156
Ghana,GHA,2018,5.63209
Ghana,GHA,2019,4.85054
Greece,GRC,2015,232.77685
Greece,GRC,2016,205.63612
Greece,GRC,2017,222.64784
Greece,GRC,2018,161.31207
Greece,GRC,2019,152.9596
Grenada,GRD,2015,37.98254
Grenada,GRD,2016,38.3991
Grenada,GRD,2017,38.94511
Grenada,GRD,2018,39.67734
Grenada,GRD,2019,40.47249
Guatemala,GTM,2015,9.42149
Guatemala,GTM,2016,10.26046
Guatemala,GTM,2017,10.82005
Guatemala,GTM,2018,11.23688
Guatemala,GTM,2019,11.54329
Guyana,GUY,2015,54.33569
Guyana,GUY,2016,56.67889
Guyana,GUY,2017,58.82603
Guyana,GUY,2018,61.01357
Guyana,GUY,2019,62.67829
Haiti,HTI,2015,19.76151
Haiti,HTI,2016,20.80992
Haiti,HTI,2017,21.67156
Haiti,HTI,2018,22.44663
Haiti,HTI,2019,23.15646
Hungary,HUN,2015,54.08673
Hungary,HUN,2016,40.44532
Hungary,HUN,2017,38.28076
Hungary,HUN,2018,41.14004
Hungary,HUN,2019,33.02897
India,IND,2015,18.41743
India,IND,2016,14.82686
India,IND,2017,14.72241
India,IND,2018,22.28168
India,IND,2019,15.99051
Indonesia,IDN,2015,62.64437
Indonesia,IDN,2016,61.60564
Indonesia,IDN,2017,63.05287
Indonesia,IDN,2018,126.56204
Indonesia,IDN,2019,71.01202
Iran,IRN,2015,726.69607
Iran,IRN,2016,452.7048
Iran,IRN,2017,716.06365
Iran,IRN,2018,948.97177
Iran,IRN,2019,1038.37196
Iraq,IRQ,2015,156.12664
Iraq,IRQ,2016,147.64927
Iraq,IRQ,2017,200.68451
Iraq,IRQ,2018,221.70497
Iraq,IRQ,2019,189.04373
Ireland,IRL,2015,193.70672
Ireland,IRL,2016,212.53186
Ireland,IRL,2017,194.91757
Ireland,IRL,2018,137.03983
Ireland,IRL,2019,122.73021
Israel,ISR,2015,134.6913
Israel,ISR,2016,136.94478
Israel,ISR,2017,139.45319
Israel,ISR,2018,140.90485
Israel,ISR,2019,138.18083
Italy,ITA,2015,271.52409
Italy,ITA,2016,249.85627
Italy,ITA,2017,212.65084
Italy,ITA,2018,171.2602
Italy,ITA,2019,159.2275
Japan,JPN,2015,25.04331
Japan,JPN,2016,25.96674
Japan,JPN,2017,19.1553
Japan,JPN,2018,15.22997
Japan,JPN,2019,15.30131
Jordan,JOR,2015,51.46131
Jordan,JOR,2016,64.57898
Jordan,JOR,2017,72.75563
Jordan,JOR,2018,79.9648
Jordan,JOR,2019,85.73421
Kazakhstan,KAZ,2015,144.76716
Kazakhstan,KAZ,2016,262.37444
Kazakhstan,KAZ,2017,289.14902
Kazakhstan,KAZ,2018,403.99471
Kazakhstan,KAZ,2019,354.11021
Kenya,KEN,2015,3.37447
Kenya,KEN,2016,3.50395
Kenya,KEN,2017,3.64436
Kenya,KEN,2018,3.79463
Kenya,KEN,2019,3.95483
Kuwait,KWT,2015,1859.02709
Kuwait,KWT,2016,1692.80784
Kuwait,KWT,2017,1713.80971
Kuwait,KWT,2018,1714.25398
Kuwait,KWT,2019,1308.07874
Kyrgyzstan,KGZ,2015,112.84843
Kyrgyzstan,KGZ,2016,118.79225
Kyrgyzstan,KGZ,2017,129.86922
Kyrgyzstan,KGZ,2018,140.71613
Kyrgyzstan,KGZ,2019,149.66121
Landlocked developing countries (LLDCs),,2015,42.69907
Landlocked developing countries (LLDCs),,2016,42.17892
Landlocked developing countries (LLDCs),,2017,49.98119
Landlocked developing countries (LLDCs),,2018,65.66464
Landlocked developing countries (LLDCs),,2019,50.45279
Latin America and the Caribbean,,2015,55.52684
Latin America and the Caribbean,,2016,50.37746
Latin America and the Caribbean,,2017,65.89011
Latin America and the Caribbean,,2018,79.4252
Latin America and the Caribbean,,2019,48.81738
Latvia,LVA,2015,151.73239
Latvia,LVA,2016,144.31852
Latvia,LVA,2017,131.32253
Latvia,LVA,2018,95.36931
Latvia,LVA,2019,90.62798
Least developed countries (LDCs),,2015,10.10262
Least developed countries (LDCs),,2016,10.33555
Least developed countries (LDCs),,2017,10.89991
Least developed countries (LDCs),,2018,14.15571
Least developed countries (LDCs),,2019,12.82157
Lebanon,LBN,2015,348.46245
Lebanon,LBN,2016,355.14659
Lebanon,LBN,2017,365.02681
Lebanon,LBN,2018,378.47552
Lebanon,LBN,2019,394.49443
Lesotho,LSO,2015,17.49578
Lesotho,LSO,2016,18.22374
Lesotho,LSO,2017,19.04872
Lesotho,LSO,2018,19.93713
Lesotho,LSO,2019,20.87549
Libya,LBY,2015,722.99116
Libya,LBY,2016,547.52009
Libya,LBY,2017,637.57918
Libya,LBY,2018,709.15953
Libya,LBY,2019,661.52816
Lithuania,LTU,2015,76.91332
Lithuania,LTU,2016,97.84102
Lithuania,LTU,2017,96.58086
Lithuania,LTU,2018,100.86711
Lithuania,LTU,2019,114.07685
Luxembourg,LUX,2015,4.2912
Luxembourg,LUX,2016,4.16734
Luxembourg,LUX,2017,4.00903
Luxembourg,LUX,2018,3.83123
Luxembourg,LUX,2019,3.63633
Madagascar,MDG,2015,4.66426
Madagascar,MDG,2016,4.74621
Madagascar,MDG,2017,4.82904
Madagascar,MDG,2018,4.91293
Madagascar,MDG,2019,5.00117
Malawi,MWI,2015,7.17443
Malawi,MWI,2016,7.36688
Malawi,MWI,2017,7.54836
Malawi,MWI,2018,7.72256
Malawi,MWI,2019,7.8979
Malaysia,MYS,2015,10.99265
Malaysia,MYS,2016,49.25811
Malaysia,MYS,2017,65.23824
Malaysia,MYS,2018,65.04856
Malaysia,MYS,2019,56.70041
Mali,MLI,2015,7.6237
Mali,MLI,2016,7.77665
Mali,MLI,2017,7.91069
Mali,MLI,2018,8.03989
Mali,MLI,2019,8.16918
Mauritania,MRT,2015,11.29994
Mauritania,MRT,2016,11.71673
Mauritania,MRT,2017,12.4056
Mauritania,MRT,2018,12.75812
Mauritania,MRT,2019,13.7455
Mexico,MEX,2015,57.95803
Mexico,MEX,2016,91.0669
Mexico,MEX,2017,97.78733
Mexico,MEX,2018,115.00779
Mexico,MEX,2019,25.74025
Middle Africa,,2015,15.84011
Middle Africa,,2016,18.01212
Middle Africa,,2017,16.81448
Middle Africa,,2018,25.44729
Middle Africa,,2019,22.18504
Morocco,MAR,2015,7.26203
Morocco,MAR,2016,8.63744
Morocco,MAR,2017,9.58651
Morocco,MAR,2018,10.4525
Morocco,MAR,2019,11.18139
Mozambique,MOZ,2015,38.74684
Mozambique,MOZ,2016,40.74922
Mozambique,MOZ,2017,42.69977
Mozambique,MOZ,2018,44.77714
Mozambique,MOZ,2019,46.82777
Myanmar,MMR,2015,1.90753
Myanmar,MMR,2016,1.9371
Myanmar,MMR,2017,2.00144
Myanmar,MMR,2018,2.07594
Myanmar,MMR,2019,2.21473
Namibia,NAM,2015,48.23619
Namibia,NAM,2016,49.68143
Namibia,NAM,2017,51.11622
Namibia,NAM,2018,52.54789
Namibia,NAM,2019,54.01632
Netherlands,NLD,2015,11.06934
Netherlands,NLD,2016,20.65798
Netherlands,NLD,2017,21.40272
Netherlands,NLD,2018,20.73993
Netherlands,NLD,2019,22.88268
New Zealand,NZL,2015,11.0228
New Zealand,NZL,2016,11.77825
New Zealand,NZL,2017,8.71135
New Zealand,NZL,2018,10.53903
New Zealand,NZL,2019,10.41676
Nicaragua,NIC,2015,38.06188
Nicaragua,NIC,2016,39.5795
Nicaragua,NIC,2017,40.93538
Nicaragua,NIC,2018,42.22688
Nicaragua,NIC,2019,43.47779
Nigeria,NGA,2015,4.08442
Nigeria,NGA,2016,0.32247
Nigeria,NGA,2017,5.45272
Nigeria,NGA,2018,15.86643
Nigeria,NGA,2019,8.78523
Northern Africa,,2015,136.72421
Northern Africa,,2016,95.94621
Northern Africa,,2017,161.18562
Northern Africa,,2018,220.67243
Northern Africa,,2019,149.43929
Northern Africa and Western Asia,,2015,263.41389
Northern Africa and Western Asia,,2016,190.60338
Northern Africa and Western Asia,,2017,230.5846
Northern Africa and Western Asia,,2018,253.53845
Northern Africa and Western Asia,,2019,186.78095
Northern America,,2015,32.51107
Northern America,,2016,26.65274
Northern America,,2017,25.37929
Northern America,,2018,20.83589
Northern America,,2019,28.54541
Northern Europe,,2015,249.65848
Northern Europe,,2016,200.97618
Northern Europe,,2017,210.82081
Northern Europe,,2018,195.65305
Northern Europe,,2019,196.70027
Norway,NOR,2015,226.56965
Norway,NOR,2016,210.60494
Norway,NOR,2017,178.22475
Norway,NOR,2018,163.56792
Norway,NOR,2019,158.43156
Oceania,,2015,116.04003
Oceania,,2016,177.20282
Oceania,,2017,190.28812
Oceania,,2018,171.11066
Oceania,,2019,171.60287
Oman,OMN,2015,22.80905
Oman,OMN,2016,24.50674
Oman,OMN,2017,26.83819
Oman,OMN,2018,25.74254
Oman,OMN,2019,21.57431
Pakistan,PAK,2015,14.25725
Pakistan,PAK,2016,7.37118
Pakistan,PAK,2017,14.6727
Pakistan,PAK,2018,23.90878
Pakistan,PAK,2019,8.78129
Panama,PAN,2015,42.49299
Panama,PAN,2016,47.17601
Panama,PAN,2017,50.85269
Panama,PAN,2018,53.95813
Panama,PAN,2019,56.68631
Paraguay,PRY,2015,4.72032
Paraguay,PRY,2016,4.86775
Paraguay,PRY,2017,5.02078
Paraguay,PRY,2018,5.17965
Paraguay,PRY,2019,5.34463
Poland,POL,2015,36.03498
Poland,POL,2016,49.84817
Poland,POL,2017,49.2025
Poland,POL,2018,69.90636
Poland,POL,2019,54.97412
Portugal,PRT,2015,25.29632
Portugal,PRT,2016,28.02885
Portugal,PRT,2017,44.97009
Portugal,PRT,2018,42.82584
Portugal,PRT,2019,42.2409
Qatar,QAT,2015,1320.11125
Qatar,QAT,2016,487.58486
Qatar,QAT,2017,636.49643
Qatar,QAT,2018,779.80697
Qatar,QAT,2019,180.31045
Russia,RUS,2015,239.37555
Russia,RUS,2016,226.82511
Russia,RUS,2017,150.58817
Russia,RUS,2018,250.70216
Russia,RUS,2019,164.97402
Rwanda,RWA,2015,2.57462
Rwanda,RWA,2016,2.69667
Rwanda,RWA,2017,2.8234
Rwanda,RWA,2018,2.95587
Rwanda,RWA,2019,3.09584
Saint Kitts and Nevis,KNA,2015,80.85306
Saint Kitts and Nevis,KNA,2016,82.78293
Saint Kitts and Nevis,KNA,2017,84.69137
Saint Kitts and Nevis,KNA,2018,86.61658
Saint Kitts and Nevis,KNA,2019,88.61718
Saudi Arabia,SAU,2015,1837.99097
Saudi Arabia,SAU,2016,1228.70843
Saudi Arabia,SAU,2017,1245.25365
Saudi Arabia,SAU,2018,1080.20483
Saudi Arabia,SAU,2019,838.21275
Senegal,SEN,2015,18.93727
Senegal,SEN,2016,21.00875
Senegal,SEN,2017,22.36845
Senegal,SEN,2018,23.55767
Senegal,SEN,2019,24.55542
Slovakia,SVK,2015,46.54341
Slovakia,SVK,2016,47.46618
Slovakia,SVK,2017,46.67925
Slovakia,SVK,2018,51.4539
Slovakia,SVK,2019,48.96819
Slovenia,SVN,2015,83.10259
Slovenia,SVN,2016,87.79026
Slovenia,SVN,2017,90.39369
Slovenia,SVN,2018,79.886
Slovenia,SVN,2019,74.64109
Small Island Developing States (SIDS),,2015,36.83677
Small Island Developing States (SIDS),,2016,34.47641
Small Island Developing States (SIDS),,2017,35.92341
Small Island Developing States (SIDS),,2018,37.73437
Small Island Developing States (SIDS),,2019,35.11551
South Africa,ZAF,2015,44.30948
South Africa,ZAF,2016,103.16407
South Africa,ZAF,2017,96.84761
South Africa,ZAF,2018,75.16509
South America,,2015,59.10849
South America,,2016,41.89513
South America,,2017,62.8084
South America,,2018,77.62104
South America,,2019,58.52581
South Korea,KOR,2015,3.05684
South Korea,KOR,2016,2.9744
South Korea,KOR,2017,2.26881
South Korea,KOR,2018,1.43372
South Korea,KOR,2019,1.08997
South-eastern Asia,,2015,28.17666
South-eastern Asia,,2016,28.85512
South-eastern Asia,,2017,31.41526
South-eastern Asia,,2018,57.89769
South-eastern Asia,,2019,33.45104
Southern Africa,,2015,42.96376
Southern Africa,,2016,94.84129
Southern Africa,,2017,89.40437
Southern Africa,,2018,70.45548
Southern Africa,,2019,4.50967
Southern Asia,,2015,47.11426
Southern Asia,,2016,31.55067
Southern Asia,,2017,43.89163
Southern Asia,,2018,61.23967
Southern Asia,,2019,58.41551
Southern Europe,,2015,142.41645
Southern Europe,,2016,131.0859
Southern Europe,,2017,117.93211
Southern Europe,,2018,97.0565
Southern Europe,,2019,90.44548
Spain,ESP,2015,50.88057
Spain,ESP,2016,46.61153
Spain,ESP,2017,43.90249
Spain,ESP,2018,44.11959
Spain,ESP,2019,40.34715
Sri Lanka,LKA,2015,6.61502
Sri Lanka,LKA,2016,3.35562
Sri Lanka,LKA,2017,8.73044
Sri Lanka,LKA,2018,15.98657
Sri Lanka,LKA,2019,22.63103
Sub-Saharan Africa,,2015,16.21238
Sub-Saharan Africa,,2016,19.76858
Sub-Saharan Africa,,2017,20.5958
Sub-Saharan Africa,,2018,23.14486
Sub-Saharan Africa,,2019,17.47363
Sudan,SDN,2015,13.67159
Sudan,SDN,2016,18.20735
Sudan,SDN,2017,20.97189
Sudan,SDN,2018,23.32331
Sudan,SDN,2019,25.09493
Suriname,SUR,2015,164.15684
Suriname,SUR,2016,169.35188
Suriname,SUR,2017,175.35289
Suriname,SUR,2018,182.30446
Suriname,SUR,2019,188.61193
Sweden,SWE,2015,143.32046
Sweden,SWE,2016,141.09898
Sweden,SWE,2017,136.57378
Sweden,SWE,2018,123.07165
Sweden,SWE,2019,169.28515
Switzerland,CHE,2015,285.68004
Switzerland,CHE,2016,295.4876
Switzerland,CHE,2017,287.66703
Switzerland,CHE,2018,293.49089
Switzerland,CHE,2019,300.55785
Tajikistan,TJK,2015,37.8452
Tajikistan,TJK,2016,39.07394
Tajikistan,TJK,2017,40.3124
Tajikistan,TJK,2018,41.59712
Tajikistan,TJK,2019,42.9499
Tanzania,TZA,2015,14.55961
Tanzania,TZA,2016,15.13739
Tanzania,TZA,2017,15.71745
Tanzania,TZA,2018,16.30346
Tanzania,TZA,2019,16.91744
Thailand,THA,2015,14.64964
Thailand,THA,2016,8.43367
Thailand,THA,2017,13.17755
Thailand,THA,2018,15.48542
Thailand,THA,2019,7.75013
Trinidad and Tobago,TTO,2015,604.22584
Trinidad and Tobago,TTO,2016,437.01667
Trinidad and Tobago,TTO,2017,464.94516
Trinidad and Tobago,TTO,2018,513.14791
Trinidad and Tobago,TTO,2019,336.88706
Tunisia,TUN,2015,92.71221
Tunisia,TUN,2016,94.00552
Tunisia,TUN,2017,97.13386
Tunisia,TUN,2018,100.35673
Tunisia,TUN,2019,103.71645
Turkey,TUR,2015,42.81372
Turkey,TUR,2016,44.64085
Turkey,TUR,2017,57.00272
Turkey,TUR,2018,55.692
Turkey,TUR,2019,57.23794
Turkmenistan,TKM,2015,919.39008
Turkmenistan,TKM,2016,679.1632
Turkmenistan,TKM,2017,708.76242
Turkmenistan,TKM,2018,831.71449
Turkmenistan,TKM,2019,516.18941
Uganda,UGA,2015,8.48066
Uganda,UGA,2016,8.7076
Uganda,UGA,2017,8.94694
Uganda,UGA,2018,9.21378
Uganda,UGA,2019,9.5154
Ukraine,UKR,2015,174.88853
Ukraine,UKR,2016,64.50002
Ukraine,UKR,2017,56.14497
Ukraine,UKR,2018,94.8142
Ukraine,UKR,2019,49.54623
United Arab Emirates,ARE,2015,1236.77152
United Arab Emirates,ARE,2016,816.497
United Arab Emirates,ARE,2017,782.9382
United Arab Emirates,ARE,2018,981.68283
United Arab Emirates,ARE,2019,582.6411
United Kingdom,GBR,2015,306.21923
United Kingdom,GBR,2016,227.82106
United Kingdom,GBR,2017,247.18854
United Kingdom,GBR,2018,230.75878
United Kingdom,GBR,2019,228.01813
United States,USA,2015,29.08841
United States,USA,2016,21.67673
United States,USA,2017,20.56059
United States,USA,2018,16.58661
United States,USA,2019,24.94101
Uzbekistan,UZB,2015,110.12201
Uzbekistan,UZB,2016,64.61666
Uzbekistan,UZB,2017,136.52856
Uzbekistan,UZB,2018,248.36576
Uzbekistan,UZB,2019,134.07065
Venezuela,VEN,2015,337.50659
Venezuela,VEN,2016,245.18173
Venezuela,VEN,2017,487.23356
Venezuela,VEN,2018,653.57474
Venezuela,VEN,2019,448.0428
Vietnam,VNM,2015,0.87073
Vietnam,VNM,2016,1.17477
Vietnam,VNM,2017,5.07037
Vietnam,VNM,2018,6.4068
Vietnam,VNM,2019,2.80157
Western Africa,,2015,6.84122
Western Africa,,2016,5.11868
Western Africa,,2017,8.20269
Western Africa,,2018,13.90555
Western Africa,,2019,10.38443
Western Asia,,2015,373.4858
Western Asia,,2016,273.00469
Western Asia,,2017,291.15971
Western Asia,,2018,282.31332
Western Asia,,2019,219.5731
Western Europe,,2015,88.37965
Western Europe,,2016,95.04077
Western Europe,,2017,98.30979
Western Europe,,2018,105.91728
Western Europe,,2019,108.83331
World,OWID_WRL,2015,60.49716
World,OWID_WRL,2016,53.48877
World,OWID_WRL,2017,59.52341
World,OWID_WRL,2018,71.76713
World,OWID_WRL,2019,55.96533
Yemen,YEM,2015,4.13112
Yemen,YEM,2016,6.14111
Yemen,YEM,2017,7.46698
Yemen,YEM,2018,8.62549
Yemen,YEM,2019,9.46601
Zambia,ZMB,2015,129.735
Zambia,ZMB,2016,147.65524
Zambia,ZMB,2017,153.32456
Zambia,ZMB,2018,158.64784
Zambia,ZMB,2019,164.11877
Zimbabwe,ZWE,2015,195.53456
Zimbabwe,ZWE,2016,200.08777
Zimbabwe,ZWE,2017,205.66738
Zimbabwe,ZWE,2018,211.76306
Zimbabwe,ZWE,2019,217.87422